Timestamp,Build Agent Desc,Build Agent Host,Build Agent Labels,Build Agent Name,Build Duration,Build Event Type,Build Full Name,Build ID,Build Message,Build Name,Build Queue ID,Build Result,Build Scheduled,Build Start Delay,Build Started,Build Status Summary,Build URL,Jenkins Master Host,Jenkins Master Labels,Job Full Name,Job Name,Job URL,Nr.Custom Event Source,Provider,Provider Version
2019-06-19 16:21:12,the master Jenkins node,690d80ae5cf9,master,Jenkins,,completed,Frontend Application #22,22,"Completed build ""Frontend Application #22"" for job ""Frontend Application""",#22,152,SUCCESS,,,,,job/Frontend%20Application/22/,690d80ae5cf9,master,Frontend Application,Frontend Application,job/Frontend%20Application/,customEventInserter,Jenkins,2.170
2019-06-19 16:21:12,the master Jenkins node,690d80ae5cf9,master,Jenkins,1144,finalized,Frontend Application #22,22,"Finalized build ""Frontend Application #22"" for job ""Frontend Application""",#22,152,SUCCESS,,,,stable,job/Frontend%20Application/22/,690d80ae5cf9,master,Frontend Application,Frontend Application,job/Frontend%20Application/,customEventInserter,Jenkins,2.170
2019-06-19 16:20:12,the master Jenkins node,690d80ae5cf9,master,Jenkins,,completed,Cog Microservice #46,46,"Completed build ""Cog Microservice #46"" for job ""Cog Microservice""",#46,150,SUCCESS,,,,,job/Cog%20Microservice/46/,690d80ae5cf9,master,Cog Microservice,Cog Microservice,job/Cog%20Microservice/,customEventInserter,Jenkins,2.170
2019-06-19 16:20:12,the master Jenkins node,690d80ae5cf9,master,Jenkins,1026,finalized,Cog Microservice #46,46,"Finalized build ""Cog Microservice #46"" for job ""Cog Microservice""",#46,150,SUCCESS,,,,stable,job/Cog%20Microservice/46/,690d80ae5cf9,master,Cog Microservice,Cog Microservice,job/Cog%20Microservice/,customEventInserter,Jenkins,2.170
2019-06-19 16:20:12,the master Jenkins node,690d80ae5cf9,master,Jenkins,,initialized,Gear Microservice #73,73,"Initialized build ""Gear Microservice #73"" for job ""Gear Microservice""",#73,151,,,,,,job/Gear%20Microservice/73/,690d80ae5cf9,master,Gear Microservice,Gear Microservice,job/Gear%20Microservice/,customEventInserter,Jenkins,2.170
2019-06-19 16:20:12,the master Jenkins node,690d80ae5cf9,master,Jenkins,,started,Gear Microservice #73,73,"Started build ""Gear Microservice #73"" for job ""Gear Microservice""",#73,151,,1560961206426,0,1560961206432,,job/Gear%20Microservice/73/,690d80ae5cf9,master,Gear Microservice,Gear Microservice,job/Gear%20Microservice/,customEventInserter,Jenkins,2.170
2019-06-19 16:20:12,the master Jenkins node,690d80ae5cf9,master,Jenkins,,completed,Gear Microservice #73,73,"Completed build ""Gear Microservice #73"" for job ""Gear Microservice""",#73,151,SUCCESS,,,,,job/Gear%20Microservice/73/,690d80ae5cf9,master,Gear Microservice,Gear Microservice,job/Gear%20Microservice/,customEventInserter,Jenkins,2.170
2019-06-19 16:20:12,the master Jenkins node,690d80ae5cf9,master,Jenkins,15,finalized,Gear Microservice #73,73,"Finalized build ""Gear Microservice #73"" for job ""Gear Microservice""",#73,151,SUCCESS,,,,stable,job/Gear%20Microservice/73/,690d80ae5cf9,master,Gear Microservice,Gear Microservice,job/Gear%20Microservice/,customEventInserter,Jenkins,2.170
2019-06-19 16:20:12,the master Jenkins node,690d80ae5cf9,master,Jenkins,,initialized,Frontend Application #22,22,"Initialized build ""Frontend Application #22"" for job ""Frontend Application""",#22,152,,,,,,job/Frontend%20Application/22/,690d80ae5cf9,master,Frontend Application,Frontend Application,job/Frontend%20Application/,customEventInserter,Jenkins,2.170
2019-06-19 16:20:12,the master Jenkins node,690d80ae5cf9,master,Jenkins,,started,Frontend Application #22,22,"Started build ""Frontend Application #22"" for job ""Frontend Application""",#22,152,,1560961211367,0,1560961211371,,job/Frontend%20Application/22/,690d80ae5cf9,master,Frontend Application,Frontend Application,job/Frontend%20Application/,customEventInserter,Jenkins,2.170
2019-06-19 16:20:12,the master Jenkins node,690d80ae5cf9,master,Jenkins,,initialized,Cog Microservice #46,46,"Initialized build ""Cog Microservice #46"" for job ""Cog Microservice""",#46,150,,,,,,job/Cog%20Microservice/46/,690d80ae5cf9,master,Cog Microservice,Cog Microservice,job/Cog%20Microservice/,customEventInserter,Jenkins,2.170
2019-06-19 16:20:12,the master Jenkins node,690d80ae5cf9,master,Jenkins,,started,Cog Microservice #46,46,"Started build ""Cog Microservice #46"" for job ""Cog Microservice""",#46,150,,1560961200095,0,1560961200100,,job/Cog%20Microservice/46/,690d80ae5cf9,master,Cog Microservice,Cog Microservice,job/Cog%20Microservice/,customEventInserter,Jenkins,2.170
2019-06-19 15:56:14,the master Jenkins node,690d80ae5cf9,master,Jenkins,,completed,Frontend Application #21,21,"Completed build ""Frontend Application #21"" for job ""Frontend Application""",#21,149,SUCCESS,,,,,job/Frontend%20Application/21/,690d80ae5cf9,master,Frontend Application,Frontend Application,job/Frontend%20Application/,customEventInserter,Jenkins,2.170
2019-06-19 15:56:14,the master Jenkins node,690d80ae5cf9,master,Jenkins,2097,finalized,Frontend Application #21,21,"Finalized build ""Frontend Application #21"" for job ""Frontend Application""",#21,149,SUCCESS,,,,stable,job/Frontend%20Application/21/,690d80ae5cf9,master,Frontend Application,Frontend Application,job/Frontend%20Application/,customEventInserter,Jenkins,2.170
2019-06-19 15:55:14,the master Jenkins node,690d80ae5cf9,master,Jenkins,,completed,Cog Microservice #38,38,"Completed build ""Cog Microservice #38"" for job ""Cog Microservice""",#38,132,SUCCESS,,,,,job/Cog%20Microservice/38/,690d80ae5cf9,master,Cog Microservice,Cog Microservice,job/Cog%20Microservice/,customEventInserter,Jenkins,2.170
2019-06-19 15:55:14,the master Jenkins node,690d80ae5cf9,master,Jenkins,1131,finalized,Cog Microservice #38,38,"Finalized build ""Cog Microservice #38"" for job ""Cog Microservice""",#38,132,SUCCESS,,,,stable,job/Cog%20Microservice/38/,690d80ae5cf9,master,Cog Microservice,Cog Microservice,job/Cog%20Microservice/,customEventInserter,Jenkins,2.170
2019-06-19 15:55:14,the master Jenkins node,690d80ae5cf9,master,Jenkins,,initialized,Cog Microservice #39,39,"Initialized build ""Cog Microservice #39"" for job ""Cog Microservice""",#39,133,,,,,,job/Cog%20Microservice/39/,690d80ae5cf9,master,Cog Microservice,Cog Microservice,job/Cog%20Microservice/,customEventInserter,Jenkins,2.170
2019-06-19 15:55:14,the master Jenkins node,690d80ae5cf9,master,Jenkins,,started,Cog Microservice #39,39,"Started build ""Cog Microservice #39"" for job ""Cog Microservice""",#39,133,,1560959685182,0,1560959685187,,job/Cog%20Microservice/39/,690d80ae5cf9,master,Cog Microservice,Cog Microservice,job/Cog%20Microservice/,customEventInserter,Jenkins,2.170
2019-06-19 15:55:14,the master Jenkins node,690d80ae5cf9,master,Jenkins,,completed,Cog Microservice #39,39,"Completed build ""Cog Microservice #39"" for job ""Cog Microservice""",#39,133,SUCCESS,,,,,job/Cog%20Microservice/39/,690d80ae5cf9,master,Cog Microservice,Cog Microservice,job/Cog%20Microservice/,customEventInserter,Jenkins,2.170
2019-06-19 15:55:14,the master Jenkins node,690d80ae5cf9,master,Jenkins,1024,finalized,Cog Microservice #39,39,"Finalized build ""Cog Microservice #39"" for job ""Cog Microservice""",#39,133,SUCCESS,,,,stable,job/Cog%20Microservice/39/,690d80ae5cf9,master,Cog Microservice,Cog Microservice,job/Cog%20Microservice/,customEventInserter,Jenkins,2.170
2019-06-19 15:55:14,the master Jenkins node,690d80ae5cf9,master,Jenkins,,initialized,Cog Microservice #40,40,"Initialized build ""Cog Microservice #40"" for job ""Cog Microservice""",#40,134,,,,,,job/Cog%20Microservice/40/,690d80ae5cf9,master,Cog Microservice,Cog Microservice,job/Cog%20Microservice/,customEventInserter,Jenkins,2.170
2019-06-19 15:55:14,the master Jenkins node,690d80ae5cf9,master,Jenkins,,started,Cog Microservice #40,40,"Started build ""Cog Microservice #40"" for job ""Cog Microservice""",#40,134,,1560959687002,0,1560959687007,,job/Cog%20Microservice/40/,690d80ae5cf9,master,Cog Microservice,Cog Microservice,job/Cog%20Microservice/,customEventInserter,Jenkins,2.170
2019-06-19 15:55:14,the master Jenkins node,690d80ae5cf9,master,Jenkins,,completed,Cog Microservice #40,40,"Completed build ""Cog Microservice #40"" for job ""Cog Microservice""",#40,134,SUCCESS,,,,,job/Cog%20Microservice/40/,690d80ae5cf9,master,Cog Microservice,Cog Microservice,job/Cog%20Microservice/,customEventInserter,Jenkins,2.170
2019-06-19 15:55:14,the master Jenkins node,690d80ae5cf9,master,Jenkins,1024,finalized,Cog Microservice #40,40,"Finalized build ""Cog Microservice #40"" for job ""Cog Microservice""",#40,134,SUCCESS,,,,stable,job/Cog%20Microservice/40/,690d80ae5cf9,master,Cog Microservice,Cog Microservice,job/Cog%20Microservice/,customEventInserter,Jenkins,2.170
2019-06-19 15:55:14,the master Jenkins node,690d80ae5cf9,master,Jenkins,,initialized,Gear Microservice #64,64,"Initialized build ""Gear Microservice #64"" for job ""Gear Microservice""",#64,135,,,,,,job/Gear%20Microservice/64/,690d80ae5cf9,master,Gear Microservice,Gear Microservice,job/Gear%20Microservice/,customEventInserter,Jenkins,2.170
2019-06-19 15:55:14,the master Jenkins node,690d80ae5cf9,master,Jenkins,,started,Gear Microservice #64,64,"Started build ""Gear Microservice #64"" for job ""Gear Microservice""",#64,135,,1560959688894,0,1560959688897,,job/Gear%20Microservice/64/,690d80ae5cf9,master,Gear Microservice,Gear Microservice,job/Gear%20Microservice/,customEventInserter,Jenkins,2.170
2019-06-19 15:55:14,the master Jenkins node,690d80ae5cf9,master,Jenkins,,completed,Gear Microservice #64,64,"Completed build ""Gear Microservice #64"" for job ""Gear Microservice""",#64,135,FAILURE,,,,,job/Gear%20Microservice/64/,690d80ae5cf9,master,Gear Microservice,Gear Microservice,job/Gear%20Microservice/,customEventInserter,Jenkins,2.170
2019-06-19 15:55:14,the master Jenkins node,690d80ae5cf9,master,Jenkins,31,finalized,Gear Microservice #64,64,"Finalized build ""Gear Microservice #64"" for job ""Gear Microservice""",#64,135,FAILURE,,,,broken since build #59,job/Gear%20Microservice/64/,690d80ae5cf9,master,Gear Microservice,Gear Microservice,job/Gear%20Microservice/,customEventInserter,Jenkins,2.170
2019-06-19 15:55:14,the master Jenkins node,690d80ae5cf9,master,Jenkins,,initialized,Gear Microservice #65,65,"Initialized build ""Gear Microservice #65"" for job ""Gear Microservice""",#65,136,,,,,,job/Gear%20Microservice/65/,690d80ae5cf9,master,Gear Microservice,Gear Microservice,job/Gear%20Microservice/,customEventInserter,Jenkins,2.170
2019-06-19 15:55:14,the master Jenkins node,690d80ae5cf9,master,Jenkins,,started,Gear Microservice #65,65,"Started build ""Gear Microservice #65"" for job ""Gear Microservice""",#65,136,,1560959691072,0,1560959691076,,job/Gear%20Microservice/65/,690d80ae5cf9,master,Gear Microservice,Gear Microservice,job/Gear%20Microservice/,customEventInserter,Jenkins,2.170
2019-06-19 15:55:14,the master Jenkins node,690d80ae5cf9,master,Jenkins,,completed,Gear Microservice #65,65,"Completed build ""Gear Microservice #65"" for job ""Gear Microservice""",#65,136,FAILURE,,,,,job/Gear%20Microservice/65/,690d80ae5cf9,master,Gear Microservice,Gear Microservice,job/Gear%20Microservice/,customEventInserter,Jenkins,2.170
2019-06-19 15:55:14,the master Jenkins node,690d80ae5cf9,master,Jenkins,19,finalized,Gear Microservice #65,65,"Finalized build ""Gear Microservice #65"" for job ""Gear Microservice""",#65,136,FAILURE,,,,broken since build #59,job/Gear%20Microservice/65/,690d80ae5cf9,master,Gear Microservice,Gear Microservice,job/Gear%20Microservice/,customEventInserter,Jenkins,2.170
2019-06-19 15:55:14,the master Jenkins node,690d80ae5cf9,master,Jenkins,,initialized,Gear Microservice #66,66,"Initialized build ""Gear Microservice #66"" for job ""Gear Microservice""",#66,137,,,,,,job/Gear%20Microservice/66/,690d80ae5cf9,master,Gear Microservice,Gear Microservice,job/Gear%20Microservice/,customEventInserter,Jenkins,2.170
2019-06-19 15:55:14,the master Jenkins node,690d80ae5cf9,master,Jenkins,,started,Gear Microservice #66,66,"Started build ""Gear Microservice #66"" for job ""Gear Microservice""",#66,137,,1560959692910,0,1560959692917,,job/Gear%20Microservice/66/,690d80ae5cf9,master,Gear Microservice,Gear Microservice,job/Gear%20Microservice/,customEventInserter,Jenkins,2.170
2019-06-19 15:55:14,the master Jenkins node,690d80ae5cf9,master,Jenkins,,completed,Gear Microservice #66,66,"Completed build ""Gear Microservice #66"" for job ""Gear Microservice""",#66,137,SUCCESS,,,,,job/Gear%20Microservice/66/,690d80ae5cf9,master,Gear Microservice,Gear Microservice,job/Gear%20Microservice/,customEventInserter,Jenkins,2.170
2019-06-19 15:55:14,the master Jenkins node,690d80ae5cf9,master,Jenkins,17,finalized,Gear Microservice #66,66,"Finalized build ""Gear Microservice #66"" for job ""Gear Microservice""",#66,137,SUCCESS,,,,back to normal,job/Gear%20Microservice/66/,690d80ae5cf9,master,Gear Microservice,Gear Microservice,job/Gear%20Microservice/,customEventInserter,Jenkins,2.170
2019-06-19 15:55:14,the master Jenkins node,690d80ae5cf9,master,Jenkins,,initialized,Gear Microservice #67,67,"Initialized build ""Gear Microservice #67"" for job ""Gear Microservice""",#67,138,,,,,,job/Gear%20Microservice/67/,690d80ae5cf9,master,Gear Microservice,Gear Microservice,job/Gear%20Microservice/,customEventInserter,Jenkins,2.170
2019-06-19 15:55:14,the master Jenkins node,690d80ae5cf9,master,Jenkins,,started,Gear Microservice #67,67,"Started build ""Gear Microservice #67"" for job ""Gear Microservice""",#67,138,,1560959694537,0,1560959694541,,job/Gear%20Microservice/67/,690d80ae5cf9,master,Gear Microservice,Gear Microservice,job/Gear%20Microservice/,customEventInserter,Jenkins,2.170
2019-06-19 15:55:14,the master Jenkins node,690d80ae5cf9,master,Jenkins,,completed,Gear Microservice #67,67,"Completed build ""Gear Microservice #67"" for job ""Gear Microservice""",#67,138,SUCCESS,,,,,job/Gear%20Microservice/67/,690d80ae5cf9,master,Gear Microservice,Gear Microservice,job/Gear%20Microservice/,customEventInserter,Jenkins,2.170
2019-06-19 15:55:14,the master Jenkins node,690d80ae5cf9,master,Jenkins,12,finalized,Gear Microservice #67,67,"Finalized build ""Gear Microservice #67"" for job ""Gear Microservice""",#67,138,SUCCESS,,,,stable,job/Gear%20Microservice/67/,690d80ae5cf9,master,Gear Microservice,Gear Microservice,job/Gear%20Microservice/,customEventInserter,Jenkins,2.170
2019-06-19 15:55:14,the master Jenkins node,690d80ae5cf9,master,Jenkins,,initialized,Gear Microservice #68,68,"Initialized build ""Gear Microservice #68"" for job ""Gear Microservice""",#68,139,,,,,,job/Gear%20Microservice/68/,690d80ae5cf9,master,Gear Microservice,Gear Microservice,job/Gear%20Microservice/,customEventInserter,Jenkins,2.170
2019-06-19 15:55:14,the master Jenkins node,690d80ae5cf9,master,Jenkins,,started,Gear Microservice #68,68,"Started build ""Gear Microservice #68"" for job ""Gear Microservice""",#68,139,,1560959696067,0,1560959696070,,job/Gear%20Microservice/68/,690d80ae5cf9,master,Gear Microservice,Gear Microservice,job/Gear%20Microservice/,customEventInserter,Jenkins,2.170
2019-06-19 15:55:14,the master Jenkins node,690d80ae5cf9,master,Jenkins,,completed,Gear Microservice #68,68,"Completed build ""Gear Microservice #68"" for job ""Gear Microservice""",#68,139,FAILURE,,,,,job/Gear%20Microservice/68/,690d80ae5cf9,master,Gear Microservice,Gear Microservice,job/Gear%20Microservice/,customEventInserter,Jenkins,2.170
2019-06-19 15:55:14,the master Jenkins node,690d80ae5cf9,master,Jenkins,18,finalized,Gear Microservice #68,68,"Finalized build ""Gear Microservice #68"" for job ""Gear Microservice""",#68,139,FAILURE,,,,broken since this build,job/Gear%20Microservice/68/,690d80ae5cf9,master,Gear Microservice,Gear Microservice,job/Gear%20Microservice/,customEventInserter,Jenkins,2.170
2019-06-19 15:55:14,the master Jenkins node,690d80ae5cf9,master,Jenkins,,initialized,Gear Microservice #69,69,"Initialized build ""Gear Microservice #69"" for job ""Gear Microservice""",#69,140,,,,,,job/Gear%20Microservice/69/,690d80ae5cf9,master,Gear Microservice,Gear Microservice,job/Gear%20Microservice/,customEventInserter,Jenkins,2.170
2019-06-19 15:55:14,the master Jenkins node,690d80ae5cf9,master,Jenkins,,started,Gear Microservice #69,69,"Started build ""Gear Microservice #69"" for job ""Gear Microservice""",#69,140,,1560959697658,0,1560959697661,,job/Gear%20Microservice/69/,690d80ae5cf9,master,Gear Microservice,Gear Microservice,job/Gear%20Microservice/,customEventInserter,Jenkins,2.170
2019-06-19 15:55:14,the master Jenkins node,690d80ae5cf9,master,Jenkins,,completed,Gear Microservice #69,69,"Completed build ""Gear Microservice #69"" for job ""Gear Microservice""",#69,140,FAILURE,,,,,job/Gear%20Microservice/69/,690d80ae5cf9,master,Gear Microservice,Gear Microservice,job/Gear%20Microservice/,customEventInserter,Jenkins,2.170
2019-06-19 15:55:14,the master Jenkins node,690d80ae5cf9,master,Jenkins,17,finalized,Gear Microservice #69,69,"Finalized build ""Gear Microservice #69"" for job ""Gear Microservice""",#69,140,FAILURE,,,,broken since build #68,job/Gear%20Microservice/69/,690d80ae5cf9,master,Gear Microservice,Gear Microservice,job/Gear%20Microservice/,customEventInserter,Jenkins,2.170
2019-06-19 15:55:14,the master Jenkins node,690d80ae5cf9,master,Jenkins,,initialized,Cog Microservice #41,41,"Initialized build ""Cog Microservice #41"" for job ""Cog Microservice""",#41,141,,,,,,job/Cog%20Microservice/41/,690d80ae5cf9,master,Cog Microservice,Cog Microservice,job/Cog%20Microservice/,customEventInserter,Jenkins,2.170
2019-06-19 15:55:14,the master Jenkins node,690d80ae5cf9,master,Jenkins,,started,Cog Microservice #41,41,"Started build ""Cog Microservice #41"" for job ""Cog Microservice""",#41,141,,1560959699327,0,1560959699331,,job/Cog%20Microservice/41/,690d80ae5cf9,master,Cog Microservice,Cog Microservice,job/Cog%20Microservice/,customEventInserter,Jenkins,2.170
2019-06-19 15:55:14,the master Jenkins node,690d80ae5cf9,master,Jenkins,,completed,Cog Microservice #41,41,"Completed build ""Cog Microservice #41"" for job ""Cog Microservice""",#41,141,SUCCESS,,,,,job/Cog%20Microservice/41/,690d80ae5cf9,master,Cog Microservice,Cog Microservice,job/Cog%20Microservice/,customEventInserter,Jenkins,2.170
2019-06-19 15:55:14,the master Jenkins node,690d80ae5cf9,master,Jenkins,1019,finalized,Cog Microservice #41,41,"Finalized build ""Cog Microservice #41"" for job ""Cog Microservice""",#41,141,SUCCESS,,,,stable,job/Cog%20Microservice/41/,690d80ae5cf9,master,Cog Microservice,Cog Microservice,job/Cog%20Microservice/,customEventInserter,Jenkins,2.170
2019-06-19 15:55:14,the master Jenkins node,690d80ae5cf9,master,Jenkins,,initialized,Cog Microservice #42,42,"Initialized build ""Cog Microservice #42"" for job ""Cog Microservice""",#42,142,,,,,,job/Cog%20Microservice/42/,690d80ae5cf9,master,Cog Microservice,Cog Microservice,job/Cog%20Microservice/,customEventInserter,Jenkins,2.170
2019-06-19 15:55:14,the master Jenkins node,690d80ae5cf9,master,Jenkins,,started,Cog Microservice #42,42,"Started build ""Cog Microservice #42"" for job ""Cog Microservice""",#42,142,,1560959700932,0,1560959700936,,job/Cog%20Microservice/42/,690d80ae5cf9,master,Cog Microservice,Cog Microservice,job/Cog%20Microservice/,customEventInserter,Jenkins,2.170
2019-06-19 15:55:14,the master Jenkins node,690d80ae5cf9,master,Jenkins,,completed,Cog Microservice #42,42,"Completed build ""Cog Microservice #42"" for job ""Cog Microservice""",#42,142,SUCCESS,,,,,job/Cog%20Microservice/42/,690d80ae5cf9,master,Cog Microservice,Cog Microservice,job/Cog%20Microservice/,customEventInserter,Jenkins,2.170
2019-06-19 15:55:14,the master Jenkins node,690d80ae5cf9,master,Jenkins,1021,finalized,Cog Microservice #42,42,"Finalized build ""Cog Microservice #42"" for job ""Cog Microservice""",#42,142,SUCCESS,,,,stable,job/Cog%20Microservice/42/,690d80ae5cf9,master,Cog Microservice,Cog Microservice,job/Cog%20Microservice/,customEventInserter,Jenkins,2.170
2019-06-19 15:55:14,the master Jenkins node,690d80ae5cf9,master,Jenkins,,initialized,Cog Microservice #43,43,"Initialized build ""Cog Microservice #43"" for job ""Cog Microservice""",#43,143,,,,,,job/Cog%20Microservice/43/,690d80ae5cf9,master,Cog Microservice,Cog Microservice,job/Cog%20Microservice/,customEventInserter,Jenkins,2.170
2019-06-19 15:55:14,the master Jenkins node,690d80ae5cf9,master,Jenkins,,started,Cog Microservice #43,43,"Started build ""Cog Microservice #43"" for job ""Cog Microservice""",#43,143,,1560959702523,0,1560959702527,,job/Cog%20Microservice/43/,690d80ae5cf9,master,Cog Microservice,Cog Microservice,job/Cog%20Microservice/,customEventInserter,Jenkins,2.170
2019-06-19 15:55:14,the master Jenkins node,690d80ae5cf9,master,Jenkins,,completed,Cog Microservice #43,43,"Completed build ""Cog Microservice #43"" for job ""Cog Microservice""",#43,143,SUCCESS,,,,,job/Cog%20Microservice/43/,690d80ae5cf9,master,Cog Microservice,Cog Microservice,job/Cog%20Microservice/,customEventInserter,Jenkins,2.170
2019-06-19 15:55:14,the master Jenkins node,690d80ae5cf9,master,Jenkins,1020,finalized,Cog Microservice #43,43,"Finalized build ""Cog Microservice #43"" for job ""Cog Microservice""",#43,143,SUCCESS,,,,stable,job/Cog%20Microservice/43/,690d80ae5cf9,master,Cog Microservice,Cog Microservice,job/Cog%20Microservice/,customEventInserter,Jenkins,2.170
2019-06-19 15:55:14,the master Jenkins node,690d80ae5cf9,master,Jenkins,,initialized,Gear Microservice #70,70,"Initialized build ""Gear Microservice #70"" for job ""Gear Microservice""",#70,144,,,,,,job/Gear%20Microservice/70/,690d80ae5cf9,master,Gear Microservice,Gear Microservice,job/Gear%20Microservice/,customEventInserter,Jenkins,2.170
2019-06-19 15:55:14,the master Jenkins node,690d80ae5cf9,master,Jenkins,,started,Gear Microservice #70,70,"Started build ""Gear Microservice #70"" for job ""Gear Microservice""",#70,144,,1560959704221,0,1560959704226,,job/Gear%20Microservice/70/,690d80ae5cf9,master,Gear Microservice,Gear Microservice,job/Gear%20Microservice/,customEventInserter,Jenkins,2.170
2019-06-19 15:55:14,the master Jenkins node,690d80ae5cf9,master,Jenkins,,completed,Gear Microservice #70,70,"Completed build ""Gear Microservice #70"" for job ""Gear Microservice""",#70,144,FAILURE,,,,,job/Gear%20Microservice/70/,690d80ae5cf9,master,Gear Microservice,Gear Microservice,job/Gear%20Microservice/,customEventInserter,Jenkins,2.170
2019-06-19 15:55:14,the master Jenkins node,690d80ae5cf9,master,Jenkins,16,finalized,Gear Microservice #70,70,"Finalized build ""Gear Microservice #70"" for job ""Gear Microservice""",#70,144,FAILURE,,,,broken since build #68,job/Gear%20Microservice/70/,690d80ae5cf9,master,Gear Microservice,Gear Microservice,job/Gear%20Microservice/,customEventInserter,Jenkins,2.170
2019-06-19 15:55:14,the master Jenkins node,690d80ae5cf9,master,Jenkins,,initialized,Gear Microservice #71,71,"Initialized build ""Gear Microservice #71"" for job ""Gear Microservice""",#71,145,,,,,,job/Gear%20Microservice/71/,690d80ae5cf9,master,Gear Microservice,Gear Microservice,job/Gear%20Microservice/,customEventInserter,Jenkins,2.170
2019-06-19 15:55:14,the master Jenkins node,690d80ae5cf9,master,Jenkins,,started,Gear Microservice #71,71,"Started build ""Gear Microservice #71"" for job ""Gear Microservice""",#71,145,,1560959705748,0,1560959705752,,job/Gear%20Microservice/71/,690d80ae5cf9,master,Gear Microservice,Gear Microservice,job/Gear%20Microservice/,customEventInserter,Jenkins,2.170
2019-06-19 15:55:14,the master Jenkins node,690d80ae5cf9,master,Jenkins,,completed,Gear Microservice #71,71,"Completed build ""Gear Microservice #71"" for job ""Gear Microservice""",#71,145,SUCCESS,,,,,job/Gear%20Microservice/71/,690d80ae5cf9,master,Gear Microservice,Gear Microservice,job/Gear%20Microservice/,customEventInserter,Jenkins,2.170
2019-06-19 15:55:14,the master Jenkins node,690d80ae5cf9,master,Jenkins,12,finalized,Gear Microservice #71,71,"Finalized build ""Gear Microservice #71"" for job ""Gear Microservice""",#71,145,SUCCESS,,,,back to normal,job/Gear%20Microservice/71/,690d80ae5cf9,master,Gear Microservice,Gear Microservice,job/Gear%20Microservice/,customEventInserter,Jenkins,2.170
2019-06-19 15:55:14,the master Jenkins node,690d80ae5cf9,master,Jenkins,,initialized,Cog Microservice #44,44,"Initialized build ""Cog Microservice #44"" for job ""Cog Microservice""",#44,146,,,,,,job/Cog%20Microservice/44/,690d80ae5cf9,master,Cog Microservice,Cog Microservice,job/Cog%20Microservice/,customEventInserter,Jenkins,2.170
2019-06-19 15:55:14,the master Jenkins node,690d80ae5cf9,master,Jenkins,,started,Cog Microservice #44,44,"Started build ""Cog Microservice #44"" for job ""Cog Microservice""",#44,146,,1560959707299,0,1560959707303,,job/Cog%20Microservice/44/,690d80ae5cf9,master,Cog Microservice,Cog Microservice,job/Cog%20Microservice/,customEventInserter,Jenkins,2.170
2019-06-19 15:55:14,the master Jenkins node,690d80ae5cf9,master,Jenkins,,completed,Cog Microservice #44,44,"Completed build ""Cog Microservice #44"" for job ""Cog Microservice""",#44,146,SUCCESS,,,,,job/Cog%20Microservice/44/,690d80ae5cf9,master,Cog Microservice,Cog Microservice,job/Cog%20Microservice/,customEventInserter,Jenkins,2.170
2019-06-19 15:55:14,the master Jenkins node,690d80ae5cf9,master,Jenkins,1020,finalized,Cog Microservice #44,44,"Finalized build ""Cog Microservice #44"" for job ""Cog Microservice""",#44,146,SUCCESS,,,,stable,job/Cog%20Microservice/44/,690d80ae5cf9,master,Cog Microservice,Cog Microservice,job/Cog%20Microservice/,customEventInserter,Jenkins,2.170
2019-06-19 15:55:14,the master Jenkins node,690d80ae5cf9,master,Jenkins,,initialized,Cog Microservice #45,45,"Initialized build ""Cog Microservice #45"" for job ""Cog Microservice""",#45,147,,,,,,job/Cog%20Microservice/45/,690d80ae5cf9,master,Cog Microservice,Cog Microservice,job/Cog%20Microservice/,customEventInserter,Jenkins,2.170
2019-06-19 15:55:14,the master Jenkins node,690d80ae5cf9,master,Jenkins,,started,Cog Microservice #45,45,"Started build ""Cog Microservice #45"" for job ""Cog Microservice""",#45,147,,1560959708801,0,1560959708805,,job/Cog%20Microservice/45/,690d80ae5cf9,master,Cog Microservice,Cog Microservice,job/Cog%20Microservice/,customEventInserter,Jenkins,2.170
2019-06-19 15:55:14,the master Jenkins node,690d80ae5cf9,master,Jenkins,,completed,Cog Microservice #45,45,"Completed build ""Cog Microservice #45"" for job ""Cog Microservice""",#45,147,SUCCESS,,,,,job/Cog%20Microservice/45/,690d80ae5cf9,master,Cog Microservice,Cog Microservice,job/Cog%20Microservice/,customEventInserter,Jenkins,2.170
2019-06-19 15:55:14,the master Jenkins node,690d80ae5cf9,master,Jenkins,1015,finalized,Cog Microservice #45,45,"Finalized build ""Cog Microservice #45"" for job ""Cog Microservice""",#45,147,SUCCESS,,,,stable,job/Cog%20Microservice/45/,690d80ae5cf9,master,Cog Microservice,Cog Microservice,job/Cog%20Microservice/,customEventInserter,Jenkins,2.170
2019-06-19 15:55:14,the master Jenkins node,690d80ae5cf9,master,Jenkins,,initialized,Gear Microservice #72,72,"Initialized build ""Gear Microservice #72"" for job ""Gear Microservice""",#72,148,,,,,,job/Gear%20Microservice/72/,690d80ae5cf9,master,Gear Microservice,Gear Microservice,job/Gear%20Microservice/,customEventInserter,Jenkins,2.170
2019-06-19 15:55:14,the master Jenkins node,690d80ae5cf9,master,Jenkins,,started,Gear Microservice #72,72,"Started build ""Gear Microservice #72"" for job ""Gear Microservice""",#72,148,,1560959710508,0,1560959710511,,job/Gear%20Microservice/72/,690d80ae5cf9,master,Gear Microservice,Gear Microservice,job/Gear%20Microservice/,customEventInserter,Jenkins,2.170
2019-06-19 15:55:14,the master Jenkins node,690d80ae5cf9,master,Jenkins,,completed,Gear Microservice #72,72,"Completed build ""Gear Microservice #72"" for job ""Gear Microservice""",#72,148,SUCCESS,,,,,job/Gear%20Microservice/72/,690d80ae5cf9,master,Gear Microservice,Gear Microservice,job/Gear%20Microservice/,customEventInserter,Jenkins,2.170
2019-06-19 15:55:14,the master Jenkins node,690d80ae5cf9,master,Jenkins,17,finalized,Gear Microservice #72,72,"Finalized build ""Gear Microservice #72"" for job ""Gear Microservice""",#72,148,SUCCESS,,,,stable,job/Gear%20Microservice/72/,690d80ae5cf9,master,Gear Microservice,Gear Microservice,job/Gear%20Microservice/,customEventInserter,Jenkins,2.170
2019-06-19 15:55:14,the master Jenkins node,690d80ae5cf9,master,Jenkins,,initialized,Frontend Application #21,21,"Initialized build ""Frontend Application #21"" for job ""Frontend Application""",#21,149,,,,,,job/Frontend%20Application/21/,690d80ae5cf9,master,Frontend Application,Frontend Application,job/Frontend%20Application/,customEventInserter,Jenkins,2.170
2019-06-19 15:55:14,the master Jenkins node,690d80ae5cf9,master,Jenkins,,started,Frontend Application #21,21,"Started build ""Frontend Application #21"" for job ""Frontend Application""",#21,149,,1560959712251,0,1560959712255,,job/Frontend%20Application/21/,690d80ae5cf9,master,Frontend Application,Frontend Application,job/Frontend%20Application/,customEventInserter,Jenkins,2.170
2019-06-19 15:55:14,the master Jenkins node,690d80ae5cf9,master,Jenkins,,initialized,Cog Microservice #38,38,"Initialized build ""Cog Microservice #38"" for job ""Cog Microservice""",#38,132,,,,,,job/Cog%20Microservice/38/,690d80ae5cf9,master,Cog Microservice,Cog Microservice,job/Cog%20Microservice/,customEventInserter,Jenkins,2.170
2019-06-19 15:55:14,the master Jenkins node,690d80ae5cf9,master,Jenkins,,started,Cog Microservice #38,38,"Started build ""Cog Microservice #38"" for job ""Cog Microservice""",#38,132,,1560959683885,0,1560959683897,,job/Cog%20Microservice/38/,690d80ae5cf9,master,Cog Microservice,Cog Microservice,job/Cog%20Microservice/,customEventInserter,Jenkins,2.170
2019-06-12 14:23:05,the master Jenkins node,690d80ae5cf9,master,Jenkins,,completed,Frontend Application #20,20,"Completed build ""Frontend Application #20"" for job ""Frontend Application""",#20,131,SUCCESS,,,,,job/Frontend%20Application/20/,690d80ae5cf9,master,Frontend Application,Frontend Application,job/Frontend%20Application/,customEventInserter,Jenkins,2.170
2019-06-12 14:23:05,the master Jenkins node,690d80ae5cf9,master,Jenkins,2172,finalized,Frontend Application #20,20,"Finalized build ""Frontend Application #20"" for job ""Frontend Application""",#20,131,SUCCESS,,,,stable,job/Frontend%20Application/20/,690d80ae5cf9,master,Frontend Application,Frontend Application,job/Frontend%20Application/,customEventInserter,Jenkins,2.170
2019-06-12 14:23:05,the master Jenkins node,690d80ae5cf9,master,Jenkins,,initialized,Frontend Application #20,20,"Initialized build ""Frontend Application #20"" for job ""Frontend Application""",#20,131,,,,,,job/Frontend%20Application/20/,690d80ae5cf9,master,Frontend Application,Frontend Application,job/Frontend%20Application/,customEventInserter,Jenkins,2.170
2019-06-12 14:23:05,the master Jenkins node,690d80ae5cf9,master,Jenkins,,started,Frontend Application #20,20,"Started build ""Frontend Application #20"" for job ""Frontend Application""",#20,131,,1560349344425,0,1560349344429,,job/Frontend%20Application/20/,690d80ae5cf9,master,Frontend Application,Frontend Application,job/Frontend%20Application/,customEventInserter,Jenkins,2.170
2019-06-12 14:18:06,the master Jenkins node,690d80ae5cf9,master,Jenkins,,completed,Cog Microservice #34,34,"Completed build ""Cog Microservice #34"" for job ""Cog Microservice""",#34,121,SUCCESS,,,,,job/Cog%20Microservice/34/,690d80ae5cf9,master,Cog Microservice,Cog Microservice,job/Cog%20Microservice/,customEventInserter,Jenkins,2.170
2019-06-12 14:18:06,the master Jenkins node,690d80ae5cf9,master,Jenkins,1095,finalized,Cog Microservice #34,34,"Finalized build ""Cog Microservice #34"" for job ""Cog Microservice""",#34,121,SUCCESS,,,,stable,job/Cog%20Microservice/34/,690d80ae5cf9,master,Cog Microservice,Cog Microservice,job/Cog%20Microservice/,customEventInserter,Jenkins,2.170
2019-06-12 14:18:06,the master Jenkins node,690d80ae5cf9,master,Jenkins,,initialized,Cog Microservice #35,35,"Initialized build ""Cog Microservice #35"" for job ""Cog Microservice""",#35,122,,,,,,job/Cog%20Microservice/35/,690d80ae5cf9,master,Cog Microservice,Cog Microservice,job/Cog%20Microservice/,customEventInserter,Jenkins,2.170
2019-06-12 14:18:06,the master Jenkins node,690d80ae5cf9,master,Jenkins,,started,Cog Microservice #35,35,"Started build ""Cog Microservice #35"" for job ""Cog Microservice""",#35,122,,1560349054718,0,1560349054722,,job/Cog%20Microservice/35/,690d80ae5cf9,master,Cog Microservice,Cog Microservice,job/Cog%20Microservice/,customEventInserter,Jenkins,2.170
2019-06-12 14:18:06,the master Jenkins node,690d80ae5cf9,master,Jenkins,,completed,Cog Microservice #35,35,"Completed build ""Cog Microservice #35"" for job ""Cog Microservice""",#35,122,SUCCESS,,,,,job/Cog%20Microservice/35/,690d80ae5cf9,master,Cog Microservice,Cog Microservice,job/Cog%20Microservice/,customEventInserter,Jenkins,2.170
2019-06-12 14:18:06,the master Jenkins node,690d80ae5cf9,master,Jenkins,1015,finalized,Cog Microservice #35,35,"Finalized build ""Cog Microservice #35"" for job ""Cog Microservice""",#35,122,SUCCESS,,,,stable,job/Cog%20Microservice/35/,690d80ae5cf9,master,Cog Microservice,Cog Microservice,job/Cog%20Microservice/,customEventInserter,Jenkins,2.170
2019-06-12 14:18:06,the master Jenkins node,690d80ae5cf9,master,Jenkins,,initialized,Cog Microservice #36,36,"Initialized build ""Cog Microservice #36"" for job ""Cog Microservice""",#36,123,,,,,,job/Cog%20Microservice/36/,690d80ae5cf9,master,Cog Microservice,Cog Microservice,job/Cog%20Microservice/,customEventInserter,Jenkins,2.170
2019-06-12 14:18:06,the master Jenkins node,690d80ae5cf9,master,Jenkins,,started,Cog Microservice #36,36,"Started build ""Cog Microservice #36"" for job ""Cog Microservice""",#36,123,,1560349056756,0,1560349056759,,job/Cog%20Microservice/36/,690d80ae5cf9,master,Cog Microservice,Cog Microservice,job/Cog%20Microservice/,customEventInserter,Jenkins,2.170
2019-06-12 14:18:06,the master Jenkins node,690d80ae5cf9,master,Jenkins,,completed,Cog Microservice #36,36,"Completed build ""Cog Microservice #36"" for job ""Cog Microservice""",#36,123,SUCCESS,,,,,job/Cog%20Microservice/36/,690d80ae5cf9,master,Cog Microservice,Cog Microservice,job/Cog%20Microservice/,customEventInserter,Jenkins,2.170
2019-06-12 14:18:06,the master Jenkins node,690d80ae5cf9,master,Jenkins,1017,finalized,Cog Microservice #36,36,"Finalized build ""Cog Microservice #36"" for job ""Cog Microservice""",#36,123,SUCCESS,,,,stable,job/Cog%20Microservice/36/,690d80ae5cf9,master,Cog Microservice,Cog Microservice,job/Cog%20Microservice/,customEventInserter,Jenkins,2.170
2019-06-12 14:18:06,the master Jenkins node,690d80ae5cf9,master,Jenkins,,initialized,Cog Microservice #37,37,"Initialized build ""Cog Microservice #37"" for job ""Cog Microservice""",#37,124,,,,,,job/Cog%20Microservice/37/,690d80ae5cf9,master,Cog Microservice,Cog Microservice,job/Cog%20Microservice/,customEventInserter,Jenkins,2.170
2019-06-12 14:18:06,the master Jenkins node,690d80ae5cf9,master,Jenkins,,started,Cog Microservice #37,37,"Started build ""Cog Microservice #37"" for job ""Cog Microservice""",#37,124,,1560349058338,0,1560349058342,,job/Cog%20Microservice/37/,690d80ae5cf9,master,Cog Microservice,Cog Microservice,job/Cog%20Microservice/,customEventInserter,Jenkins,2.170
2019-06-12 14:18:06,the master Jenkins node,690d80ae5cf9,master,Jenkins,,completed,Cog Microservice #37,37,"Completed build ""Cog Microservice #37"" for job ""Cog Microservice""",#37,124,SUCCESS,,,,,job/Cog%20Microservice/37/,690d80ae5cf9,master,Cog Microservice,Cog Microservice,job/Cog%20Microservice/,customEventInserter,Jenkins,2.170
2019-06-12 14:18:06,the master Jenkins node,690d80ae5cf9,master,Jenkins,1016,finalized,Cog Microservice #37,37,"Finalized build ""Cog Microservice #37"" for job ""Cog Microservice""",#37,124,SUCCESS,,,,stable,job/Cog%20Microservice/37/,690d80ae5cf9,master,Cog Microservice,Cog Microservice,job/Cog%20Microservice/,customEventInserter,Jenkins,2.170
2019-06-12 14:18:06,the master Jenkins node,690d80ae5cf9,master,Jenkins,,initialized,Gear Microservice #58,58,"Initialized build ""Gear Microservice #58"" for job ""Gear Microservice""",#58,125,,,,,,job/Gear%20Microservice/58/,690d80ae5cf9,master,Gear Microservice,Gear Microservice,job/Gear%20Microservice/,customEventInserter,Jenkins,2.170
2019-06-12 14:18:06,the master Jenkins node,690d80ae5cf9,master,Jenkins,,started,Gear Microservice #58,58,"Started build ""Gear Microservice #58"" for job ""Gear Microservice""",#58,125,,1560349061100,0,1560349061107,,job/Gear%20Microservice/58/,690d80ae5cf9,master,Gear Microservice,Gear Microservice,job/Gear%20Microservice/,customEventInserter,Jenkins,2.170
2019-06-12 14:18:06,the master Jenkins node,690d80ae5cf9,master,Jenkins,,completed,Gear Microservice #58,58,"Completed build ""Gear Microservice #58"" for job ""Gear Microservice""",#58,125,SUCCESS,,,,,job/Gear%20Microservice/58/,690d80ae5cf9,master,Gear Microservice,Gear Microservice,job/Gear%20Microservice/,customEventInserter,Jenkins,2.170
2019-06-12 14:18:06,the master Jenkins node,690d80ae5cf9,master,Jenkins,19,finalized,Gear Microservice #58,58,"Finalized build ""Gear Microservice #58"" for job ""Gear Microservice""",#58,125,SUCCESS,,,,stable,job/Gear%20Microservice/58/,690d80ae5cf9,master,Gear Microservice,Gear Microservice,job/Gear%20Microservice/,customEventInserter,Jenkins,2.170
2019-06-12 14:18:06,the master Jenkins node,690d80ae5cf9,master,Jenkins,,initialized,Gear Microservice #59,59,"Initialized build ""Gear Microservice #59"" for job ""Gear Microservice""",#59,126,,,,,,job/Gear%20Microservice/59/,690d80ae5cf9,master,Gear Microservice,Gear Microservice,job/Gear%20Microservice/,customEventInserter,Jenkins,2.170
2019-06-12 14:18:06,the master Jenkins node,690d80ae5cf9,master,Jenkins,,started,Gear Microservice #59,59,"Started build ""Gear Microservice #59"" for job ""Gear Microservice""",#59,126,,1560349062840,0,1560349062844,,job/Gear%20Microservice/59/,690d80ae5cf9,master,Gear Microservice,Gear Microservice,job/Gear%20Microservice/,customEventInserter,Jenkins,2.170
2019-06-12 14:18:06,the master Jenkins node,690d80ae5cf9,master,Jenkins,,completed,Gear Microservice #59,59,"Completed build ""Gear Microservice #59"" for job ""Gear Microservice""",#59,126,FAILURE,,,,,job/Gear%20Microservice/59/,690d80ae5cf9,master,Gear Microservice,Gear Microservice,job/Gear%20Microservice/,customEventInserter,Jenkins,2.170
2019-06-12 14:18:06,the master Jenkins node,690d80ae5cf9,master,Jenkins,15,finalized,Gear Microservice #59,59,"Finalized build ""Gear Microservice #59"" for job ""Gear Microservice""",#59,126,FAILURE,,,,broken since this build,job/Gear%20Microservice/59/,690d80ae5cf9,master,Gear Microservice,Gear Microservice,job/Gear%20Microservice/,customEventInserter,Jenkins,2.170
2019-06-12 14:18:06,the master Jenkins node,690d80ae5cf9,master,Jenkins,,initialized,Gear Microservice #60,60,"Initialized build ""Gear Microservice #60"" for job ""Gear Microservice""",#60,127,,,,,,job/Gear%20Microservice/60/,690d80ae5cf9,master,Gear Microservice,Gear Microservice,job/Gear%20Microservice/,customEventInserter,Jenkins,2.170
2019-06-12 14:18:06,the master Jenkins node,690d80ae5cf9,master,Jenkins,,started,Gear Microservice #60,60,"Started build ""Gear Microservice #60"" for job ""Gear Microservice""",#60,127,,1560349064965,0,1560349064968,,job/Gear%20Microservice/60/,690d80ae5cf9,master,Gear Microservice,Gear Microservice,job/Gear%20Microservice/,customEventInserter,Jenkins,2.170
2019-06-12 14:18:06,the master Jenkins node,690d80ae5cf9,master,Jenkins,,completed,Gear Microservice #60,60,"Completed build ""Gear Microservice #60"" for job ""Gear Microservice""",#60,127,FAILURE,,,,,job/Gear%20Microservice/60/,690d80ae5cf9,master,Gear Microservice,Gear Microservice,job/Gear%20Microservice/,customEventInserter,Jenkins,2.170
2019-06-12 14:18:06,the master Jenkins node,690d80ae5cf9,master,Jenkins,17,finalized,Gear Microservice #60,60,"Finalized build ""Gear Microservice #60"" for job ""Gear Microservice""",#60,127,FAILURE,,,,broken since build #59,job/Gear%20Microservice/60/,690d80ae5cf9,master,Gear Microservice,Gear Microservice,job/Gear%20Microservice/,customEventInserter,Jenkins,2.170
2019-06-12 14:18:06,the master Jenkins node,690d80ae5cf9,master,Jenkins,,initialized,Gear Microservice #61,61,"Initialized build ""Gear Microservice #61"" for job ""Gear Microservice""",#61,128,,,,,,job/Gear%20Microservice/61/,690d80ae5cf9,master,Gear Microservice,Gear Microservice,job/Gear%20Microservice/,customEventInserter,Jenkins,2.170
2019-06-12 14:18:06,the master Jenkins node,690d80ae5cf9,master,Jenkins,,started,Gear Microservice #61,61,"Started build ""Gear Microservice #61"" for job ""Gear Microservice""",#61,128,,1560349067431,0,1560349067434,,job/Gear%20Microservice/61/,690d80ae5cf9,master,Gear Microservice,Gear Microservice,job/Gear%20Microservice/,customEventInserter,Jenkins,2.170
2019-06-12 14:18:06,the master Jenkins node,690d80ae5cf9,master,Jenkins,,completed,Gear Microservice #61,61,"Completed build ""Gear Microservice #61"" for job ""Gear Microservice""",#61,128,FAILURE,,,,,job/Gear%20Microservice/61/,690d80ae5cf9,master,Gear Microservice,Gear Microservice,job/Gear%20Microservice/,customEventInserter,Jenkins,2.170
2019-06-12 14:18:06,the master Jenkins node,690d80ae5cf9,master,Jenkins,17,finalized,Gear Microservice #61,61,"Finalized build ""Gear Microservice #61"" for job ""Gear Microservice""",#61,128,FAILURE,,,,broken since build #59,job/Gear%20Microservice/61/,690d80ae5cf9,master,Gear Microservice,Gear Microservice,job/Gear%20Microservice/,customEventInserter,Jenkins,2.170
2019-06-12 14:18:06,the master Jenkins node,690d80ae5cf9,master,Jenkins,,initialized,Gear Microservice #62,62,"Initialized build ""Gear Microservice #62"" for job ""Gear Microservice""",#62,129,,,,,,job/Gear%20Microservice/62/,690d80ae5cf9,master,Gear Microservice,Gear Microservice,job/Gear%20Microservice/,customEventInserter,Jenkins,2.170
2019-06-12 14:18:06,the master Jenkins node,690d80ae5cf9,master,Jenkins,,started,Gear Microservice #62,62,"Started build ""Gear Microservice #62"" for job ""Gear Microservice""",#62,129,,1560349070549,0,1560349070553,,job/Gear%20Microservice/62/,690d80ae5cf9,master,Gear Microservice,Gear Microservice,job/Gear%20Microservice/,customEventInserter,Jenkins,2.170
2019-06-12 14:18:06,the master Jenkins node,690d80ae5cf9,master,Jenkins,,completed,Gear Microservice #62,62,"Completed build ""Gear Microservice #62"" for job ""Gear Microservice""",#62,129,FAILURE,,,,,job/Gear%20Microservice/62/,690d80ae5cf9,master,Gear Microservice,Gear Microservice,job/Gear%20Microservice/,customEventInserter,Jenkins,2.170
2019-06-12 14:18:06,the master Jenkins node,690d80ae5cf9,master,Jenkins,44,finalized,Gear Microservice #62,62,"Finalized build ""Gear Microservice #62"" for job ""Gear Microservice""",#62,129,FAILURE,,,,broken since build #59,job/Gear%20Microservice/62/,690d80ae5cf9,master,Gear Microservice,Gear Microservice,job/Gear%20Microservice/,customEventInserter,Jenkins,2.170
2019-06-12 14:18:06,the master Jenkins node,690d80ae5cf9,master,Jenkins,,initialized,Gear Microservice #63,63,"Initialized build ""Gear Microservice #63"" for job ""Gear Microservice""",#63,130,,,,,,job/Gear%20Microservice/63/,690d80ae5cf9,master,Gear Microservice,Gear Microservice,job/Gear%20Microservice/,customEventInserter,Jenkins,2.170
2019-06-12 14:18:06,the master Jenkins node,690d80ae5cf9,master,Jenkins,,started,Gear Microservice #63,63,"Started build ""Gear Microservice #63"" for job ""Gear Microservice""",#63,130,,1560349076649,0,1560349076653,,job/Gear%20Microservice/63/,690d80ae5cf9,master,Gear Microservice,Gear Microservice,job/Gear%20Microservice/,customEventInserter,Jenkins,2.170
2019-06-12 14:18:06,the master Jenkins node,690d80ae5cf9,master,Jenkins,,completed,Gear Microservice #63,63,"Completed build ""Gear Microservice #63"" for job ""Gear Microservice""",#63,130,FAILURE,,,,,job/Gear%20Microservice/63/,690d80ae5cf9,master,Gear Microservice,Gear Microservice,job/Gear%20Microservice/,customEventInserter,Jenkins,2.170
2019-06-12 14:18:06,the master Jenkins node,690d80ae5cf9,master,Jenkins,17,finalized,Gear Microservice #63,63,"Finalized build ""Gear Microservice #63"" for job ""Gear Microservice""",#63,130,FAILURE,,,,broken since build #59,job/Gear%20Microservice/63/,690d80ae5cf9,master,Gear Microservice,Gear Microservice,job/Gear%20Microservice/,customEventInserter,Jenkins,2.170
2019-06-12 14:18:06,the master Jenkins node,690d80ae5cf9,master,Jenkins,,initialized,Cog Microservice #34,34,"Initialized build ""Cog Microservice #34"" for job ""Cog Microservice""",#34,121,,,,,,job/Cog%20Microservice/34/,690d80ae5cf9,master,Cog Microservice,Cog Microservice,job/Cog%20Microservice/,customEventInserter,Jenkins,2.170
2019-06-12 14:18:06,the master Jenkins node,690d80ae5cf9,master,Jenkins,,started,Cog Microservice #34,34,"Started build ""Cog Microservice #34"" for job ""Cog Microservice""",#34,121,,1560349052704,0,1560349052717,,job/Cog%20Microservice/34/,690d80ae5cf9,master,Cog Microservice,Cog Microservice,job/Cog%20Microservice/,customEventInserter,Jenkins,2.170
